{
  "Unterminated_string_literal_1002": "Unterminated string literal.",
  "Identifier_expected_1003": "Identifier expected.",
  "_0_expected_1005": "'{0}' expected.",
  "A_file_cannot_have_a_reference_to_itself_1006": "A file cannot have a reference to itself.",
  "Trailing_comma_not_allowed_1009": "Trailing comma not allowed.",
  "Asterisk_Slash_expected_1010": "'*/' expected.",
  "Unexpected_token_1012": "Unexpected token.",
  "A_rest_parameter_must_be_last_in_a_parameter_list_1014": "A rest parameter must be last in a parameter list.",
  "Parameter_cannot_have_question_mark_and_initializer_1015": "Parameter cannot have question mark and initializer.",
  "A_required_parameter_cannot_follow_an_optional_parameter_1016": "A required parameter cannot follow an optional parameter.",
  "An_index_signature_cannot_have_a_rest_parameter_1017": "An index signature cannot have a rest parameter.",
  "An_index_signature_parameter_cannot_have_an_accessibility_modifier_1018": "An index signature parameter cannot have an accessibility modifier.",
  "An_index_signature_parameter_cannot_have_a_question_mark_1019": "An index signature parameter cannot have a question mark.",
  "An_index_signature_parameter_cannot_have_an_initializer_1020": "An index signature parameter cannot have an initializer.",
  "An_index_signature_must_have_a_type_annotation_1021": "An index signature must have a type annotation.",
  "An_index_signature_parameter_must_have_a_type_annotation_1022": "An index signature parameter must have a type annotation.",
  "An_index_signature_parameter_type_must_be_string_or_number_1023": "An index signature parameter type must be 'string' or 'number'.",
  "Accessibility_modifier_already_seen_1028": "Accessibility modifier already seen.",
  "_0_modifier_must_precede_1_modifier_1029": "'{0}' modifier must precede '{1}' modifier.",
  "_0_modifier_already_seen_1030": "'{0}' modifier already seen.",
  "_0_modifier_cannot_appear_on_a_class_element_1031": "'{0}' modifier cannot appear on a class element.",
  "super_must_be_followed_by_an_argument_list_or_member_access_1034": "'super' must be followed by an argument list or member access.",
  "Only_ambient_modules_can_use_quoted_names_1035": "Only ambient modules can use quoted names.",
  "Statements_are_not_allowed_in_ambient_contexts_1036": "Statements are not allowed in ambient contexts.",
  "A_declare_modifier_cannot_be_used_in_an_already_ambient_context_1038": "A 'declare' modifier cannot be used in an already ambient context.",
  "Initializers_are_not_allowed_in_ambient_contexts_1039": "Initializers are not allowed in ambient contexts.",
  "_0_modifier_cannot_be_used_in_an_ambient_context_1040": "'{0}' modifier cannot be used in an ambient context.",
  "_0_modifier_cannot_be_used_with_a_class_declaration_1041": "'{0}' modifier cannot be used with a class declaration.",
  "_0_modifier_cannot_be_used_here_1042": "'{0}' modifier cannot be used here.",
  "_0_modifier_cannot_appear_on_a_data_property_1043": "'{0}' modifier cannot appear on a data property.",
  "_0_modifier_cannot_appear_on_a_module_element_1044": "'{0}' modifier cannot appear on a module element.",
  "A_0_modifier_cannot_be_used_with_an_interface_declaration_1045": "A '{0}' modifier cannot be used with an interface declaration.",
  "A_declare_modifier_is_required_for_a_top_level_declaration_in_a_d_ts_file_1046": "A 'declare' modifier is required for a top level declaration in a .d.ts file.",
  "A_rest_parameter_cannot_be_optional_1047": "A rest parameter cannot be optional.",
  "A_rest_parameter_cannot_have_an_initializer_1048": "A rest parameter cannot have an initializer.",
  "A_set_accessor_must_have_exactly_one_parameter_1049": "A 'set' accessor must have exactly one parameter.",
  "A_set_accessor_cannot_have_an_optional_parameter_1051": "A 'set' accessor cannot have an optional parameter.",
  "A_set_accessor_parameter_cannot_have_an_initializer_1052": "A 'set' accessor parameter cannot have an initializer.",
  "A_set_accessor_cannot_have_rest_parameter_1053": "A 'set' accessor cannot have rest parameter.",
  "A_get_accessor_cannot_have_parameters_1054": "A 'get' accessor cannot have parameters.",
  "Type_0_is_not_a_valid_async_function_return_type_1055": "Type '{0}' is not a valid async function return type.",
  "Accessors_are_only_available_when_targeting_ECMAScript_5_and_higher_1056": "Accessors are only available when targeting ECMAScript 5 and higher.",
  "An_async_function_or_method_must_have_a_valid_awaitable_return_type_1057": "An async function or method must have a valid awaitable return type.",
  "Operand_for_await_does_not_have_a_valid_callable_then_member_1058": "Operand for 'await' does not have a valid callable 'then' member.",
  "Return_expression_in_async_function_does_not_have_a_valid_callable_then_member_1059": "Return expression in async function does not have a valid callable 'then' member.",
  "Expression_body_for_async_arrow_function_does_not_have_a_valid_callable_then_member_1060": "Expression body for async arrow function does not have a valid callable 'then' member.",
  "Enum_member_must_have_initializer_1061": "Enum member must have initializer.",
  "_0_is_referenced_directly_or_indirectly_in_the_fulfillment_callback_of_its_own_then_method_1062": "{0} is referenced directly or indirectly in the fulfillment callback of its own 'then' method.",
  "An_export_assignment_cannot_be_used_in_a_namespace_1063": "An export assignment cannot be used in a namespace.",
  "The_return_type_of_an_async_function_or_method_must_be_the_global_Promise_T_type_1064": "The return type of an async function or method must be the global Promise<T> type.",
  "In_ambient_enum_declarations_member_initializer_must_be_constant_expression_1066": "In ambient enum declarations member initializer must be constant expression.",
  "Unexpected_token_A_constructor_method_accessor_or_property_was_expected_1068": "Unexpected token. A constructor, method, accessor, or property was expected.",
  "A_0_modifier_cannot_be_used_with_an_import_declaration_1079": "A '{0}' modifier cannot be used with an import declaration.",
  "Invalid_reference_directive_syntax_1084": "Invalid 'reference' directive syntax.",
  "Octal_literals_are_not_available_when_targeting_ECMAScript_5_and_higher_1085": "Octal literals are not available when targeting ECMAScript 5 and higher.",
  "An_accessor_cannot_be_declared_in_an_ambient_context_1086": "An accessor cannot be declared in an ambient context.",
  "_0_modifier_cannot_appear_on_a_constructor_declaration_1089": "'{0}' modifier cannot appear on a constructor declaration.",
  "_0_modifier_cannot_appear_on_a_parameter_1090": "'{0}' modifier cannot appear on a parameter.",
  "Only_a_single_variable_declaration_is_allowed_in_a_for_in_statement_1091": "Only a single variable declaration is allowed in a 'for...in' statement.",
  "Type_parameters_cannot_appear_on_a_constructor_declaration_1092": "Type parameters cannot appear on a constructor declaration.",
  "Type_annotation_cannot_appear_on_a_constructor_declaration_1093": "Type annotation cannot appear on a constructor declaration.",
  "An_accessor_cannot_have_type_parameters_1094": "An accessor cannot have type parameters.",
  "A_set_accessor_cannot_have_a_return_type_annotation_1095": "A 'set' accessor cannot have a return type annotation.",
  "An_index_signature_must_have_exactly_one_parameter_1096": "An index signature must have exactly one parameter.",
  "_0_list_cannot_be_empty_1097": "'{0}' list cannot be empty.",
  "Type_parameter_list_cannot_be_empty_1098": "Type parameter list cannot be empty.",
  "Type_argument_list_cannot_be_empty_1099": "Type argument list cannot be empty.",
  "Invalid_use_of_0_in_strict_mode_1100": "Invalid use of '{0}' in strict mode.",
  "with_statements_are_not_allowed_in_strict_mode_1101": "'with' statements are not allowed in strict mode.",
  "delete_cannot_be_called_on_an_identifier_in_strict_mode_1102": "'delete' cannot be called on an identifier in strict mode.",
  "A_continue_statement_can_only_be_used_within_an_enclosing_iteration_statement_1104": "A 'continue' statement can only be used within an enclosing iteration statement.",
  "A_break_statement_can_only_be_used_within_an_enclosing_iteration_or_switch_statement_1105": "A 'break' statement can only be used within an enclosing iteration or switch statement.",
  "Jump_target_cannot_cross_function_boundary_1107": "Jump target cannot cross function boundary.",
  "A_return_statement_can_only_be_used_within_a_function_body_1108": "A 'return' statement can only be used within a function body.",
  "Expression_expected_1109": "Expression expected.",
  "Type_expected_1110": "Type expected.",
  "A_class_member_cannot_be_declared_optional_1112": "A class member cannot be declared optional.",
  "A_default_clause_cannot_appear_more_than_once_in_a_switch_statement_1113": "A 'default' clause cannot appear more than once in a 'switch' statement.",
  "Duplicate_label_0_1114": "Duplicate label '{0}'",
  "A_continue_statement_can_only_jump_to_a_label_of_an_enclosing_iteration_statement_1115": "A 'continue' statement can only jump to a label of an enclosing iteration statement.",
  "A_break_statement_can_only_jump_to_a_label_of_an_enclosing_statement_1116": "A 'break' statement can only jump to a label of an enclosing statement.",
  "An_object_literal_cannot_have_multiple_properties_with_the_same_name_in_strict_mode_1117": "An object literal cannot have multiple properties with the same name in strict mode.",
  "An_object_literal_cannot_have_multiple_get_Slashset_accessors_with_the_same_name_1118": "An object literal cannot have multiple get/set accessors with the same name.",
  "An_object_literal_cannot_have_property_and_accessor_with_the_same_name_1119": "An object literal cannot have property and accessor with the same name.",
  "An_export_assignment_cannot_have_modifiers_1120": "An export assignment cannot have modifiers.",
  "Octal_literals_are_not_allowed_in_strict_mode_1121": "Octal literals are not allowed in strict mode.",
  "A_tuple_type_element_list_cannot_be_empty_1122": "A tuple type element list cannot be empty.",
  "Variable_declaration_list_cannot_be_empty_1123": "Variable declaration list cannot be empty.",
  "Digit_expected_1124": "Digit expected.",
  "Hexadecimal_digit_expected_1125": "Hexadecimal digit expected.",
  "Unexpected_end_of_text_1126": "Unexpected end of text.",
  "Invalid_character_1127": "Invalid character.",
  "Declaration_or_statement_expected_1128": "Declaration or statement expected.",
  "Statement_expected_1129": "Statement expected.",
  "case_or_default_expected_1130": "'case' or 'default' expected.",
  "Property_or_signature_expected_1131": "Property or signature expected.",
  "Enum_member_expected_1132": "Enum member expected.",
  "Variable_declaration_expected_1134": "Variable declaration expected.",
  "Argument_expression_expected_1135": "Argument expression expected.",
  "Property_assignment_expected_1136": "Property assignment expected.",
  "Expression_or_comma_expected_1137": "Expression or comma expected.",
  "Parameter_declaration_expected_1138": "Parameter declaration expected.",
  "Type_parameter_declaration_expected_1139": "Type parameter declaration expected.",
  "Type_argument_expected_1140": "Type argument expected.",
  "String_literal_expected_1141": "String literal expected.",
  "Line_break_not_permitted_here_1142": "Line break not permitted here.",
  "or_expected_1144": "'{' or ';' expected.",
  "Modifiers_not_permitted_on_index_signature_members_1145": "Modifiers not permitted on index signature members.",
  "Declaration_expected_1146": "Declaration expected.",
  "Import_declarations_in_a_namespace_cannot_reference_a_module_1147": "Import declarations in a namespace cannot reference a module.",
  "Cannot_compile_modules_unless_the_module_flag_is_provided_with_a_valid_module_type_Consider_setting__1148": "Cannot compile modules unless the '--module' flag is provided with a valid module type. Consider setting the 'module' compiler option in a 'tsconfig.json' file.",
  "File_name_0_differs_from_already_included_file_name_1_only_in_casing_1149": "File name '{0}' differs from already included file name '{1}' only in casing",
  "new_T_cannot_be_used_to_create_an_array_Use_new_Array_T_instead_1150": "'new T[]' cannot be used to create an array. Use 'new Array<T>()' instead.",
  "const_declarations_must_be_initialized_1155": "'const' declarations must be initialized",
  "const_declarations_can_only_be_declared_inside_a_block_1156": "'const' declarations can only be declared inside a block.",
  "let_declarations_can_only_be_declared_inside_a_block_1157": "'let' declarations can only be declared inside a block.",
  "Unterminated_template_literal_1160": "Unterminated template literal.",
  "Unterminated_regular_expression_literal_1161": "Unterminated regular expression literal.",
  "An_object_member_cannot_be_declared_optional_1162": "An object member cannot be declared optional.",
  "A_yield_expression_is_only_allowed_in_a_generator_body_1163": "A 'yield' expression is only allowed in a generator body.",
  "Computed_property_names_are_not_allowed_in_enums_1164": "Computed property names are not allowed in enums.",
  "A_computed_property_name_in_an_ambient_context_must_directly_refer_to_a_built_in_symbol_1165": "A computed property name in an ambient context must directly refer to a built-in symbol.",
  "A_computed_property_name_in_a_class_property_declaration_must_directly_refer_to_a_built_in_symbol_1166": "A computed property name in a class property declaration must directly refer to a built-in symbol.",
  "A_computed_property_name_in_a_method_overload_must_directly_refer_to_a_built_in_symbol_1168": "A computed property name in a method overload must directly refer to a built-in symbol.",
  "A_computed_property_name_in_an_interface_must_directly_refer_to_a_built_in_symbol_1169": "A computed property name in an interface must directly refer to a built-in symbol.",
  "A_computed_property_name_in_a_type_literal_must_directly_refer_to_a_built_in_symbol_1170": "A computed property name in a type literal must directly refer to a built-in symbol.",
  "A_comma_expression_is_not_allowed_in_a_computed_property_name_1171": "A comma expression is not allowed in a computed property name.",
  "extends_clause_already_seen_1172": "'extends' clause already seen.",
  "extends_clause_must_precede_implements_clause_1173": "'extends' clause must precede 'implements' clause.",
  "Classes_can_only_extend_a_single_class_1174": "Classes can only extend a single class.",
  "implements_clause_already_seen_1175": "'implements' clause already seen.",
  "Interface_declaration_cannot_have_implements_clause_1176": "Interface declaration cannot have 'implements' clause.",
  "Binary_digit_expected_1177": "Binary digit expected.",
  "Octal_digit_expected_1178": "Octal digit expected.",
  "Unexpected_token_expected_1179": "Unexpected token. '{' expected.",
  "Property_destructuring_pattern_expected_1180": "Property destructuring pattern expected.",
  "Array_element_destructuring_pattern_expected_1181": "Array element destructuring pattern expected.",
  "A_destructuring_declaration_must_have_an_initializer_1182": "A destructuring declaration must have an initializer.",
  "An_implementation_cannot_be_declared_in_ambient_contexts_1183": "An implementation cannot be declared in ambient contexts.",
  "Modifiers_cannot_appear_here_1184": "Modifiers cannot appear here.",
  "Merge_conflict_marker_encountered_1185": "Merge conflict marker encountered.",
  "A_rest_element_cannot_have_an_initializer_1186": "A rest element cannot have an initializer.",
  "A_parameter_property_may_not_be_a_binding_pattern_1187": "A parameter property may not be a binding pattern.",
  "Only_a_single_variable_declaration_is_allowed_in_a_for_of_statement_1188": "Only a single variable declaration is allowed in a 'for...of' statement.",
  "The_variable_declaration_of_a_for_in_statement_cannot_have_an_initializer_1189": "The variable declaration of a 'for...in' statement cannot have an initializer.",
  "The_variable_declaration_of_a_for_of_statement_cannot_have_an_initializer_1190": "The variable declaration of a 'for...of' statement cannot have an initializer.",
  "An_import_declaration_cannot_have_modifiers_1191": "An import declaration cannot have modifiers.",
  "Module_0_has_no_default_export_1192": "Module '{0}' has no default export.",
  "An_export_declaration_cannot_have_modifiers_1193": "An export declaration cannot have modifiers.",
  "Export_declarations_are_not_permitted_in_a_namespace_1194": "Export declarations are not permitted in a namespace.",
  "Catch_clause_variable_name_must_be_an_identifier_1195": "Catch clause variable name must be an identifier.",
  "Catch_clause_variable_cannot_have_a_type_annotation_1196": "Catch clause variable cannot have a type annotation.",
  "Catch_clause_variable_cannot_have_an_initializer_1197": "Catch clause variable cannot have an initializer.",
  "An_extended_Unicode_escape_value_must_be_between_0x0_and_0x10FFFF_inclusive_1198": "An extended Unicode escape value must be between 0x0 and 0x10FFFF inclusive.",
  "Unterminated_Unicode_escape_sequence_1199": "Unterminated Unicode escape sequence.",
  "Line_terminator_not_permitted_before_arrow_1200": "Line terminator not permitted before arrow.",
  "Import_assignment_cannot_be_used_when_targeting_ECMAScript_6_modules_Consider_using_import_Asterisk__1202": "Import assignment cannot be used when targeting ECMAScript 6 modules. Consider using 'import * as ns from \"mod\"', 'import {a} from \"mod\"', 'import d from \"mod\"', or another module format instead.",
  "Export_assignment_cannot_be_used_when_targeting_ECMAScript_6_modules_Consider_using_export_default_o_1203": "Export assignment cannot be used when targeting ECMAScript 6 modules. Consider using 'export default' or another module format instead.",
  "Cannot_compile_modules_into_es2015_when_targeting_ES5_or_lower_1204": "Cannot compile modules into 'es2015' when targeting 'ES5' or lower.",
  "Decorators_are_not_valid_here_1206": "Decorators are not valid here.",
  "Decorators_cannot_be_applied_to_multiple_get_Slashset_accessors_of_the_same_name_1207": "Decorators cannot be applied to multiple get/set accessors of the same name.",
  "Cannot_compile_namespaces_when_the_isolatedModules_flag_is_provided_1208": "Cannot compile namespaces when the '--isolatedModules' flag is provided.",
  "Ambient_const_enums_are_not_allowed_when_the_isolatedModules_flag_is_provided_1209": "Ambient const enums are not allowed when the '--isolatedModules' flag is provided.",
  "Invalid_use_of_0_Class_definitions_are_automatically_in_strict_mode_1210": "Invalid use of '{0}'. Class definitions are automatically in strict mode.",
  "A_class_declaration_without_the_default_modifier_must_have_a_name_1211": "A class declaration without the 'default' modifier must have a name",
  "Identifier_expected_0_is_a_reserved_word_in_strict_mode_1212": "Identifier expected. '{0}' is a reserved word in strict mode",
  "Identifier_expected_0_is_a_reserved_word_in_strict_mode_Class_definitions_are_automatically_in_stric_1213": "Identifier expected. '{0}' is a reserved word in strict mode. Class definitions are automatically in strict mode.",
  "Identifier_expected_0_is_a_reserved_word_in_strict_mode_Modules_are_automatically_in_strict_mode_1214": "Identifier expected. '{0}' is a reserved word in strict mode. Modules are automatically in strict mode.",
  "Invalid_use_of_0_Modules_are_automatically_in_strict_mode_1215": "Invalid use of '{0}'. Modules are automatically in strict mode.",
  "Export_assignment_is_not_supported_when_module_flag_is_system_1218": "Export assignment is not supported when '--module' flag is 'system'.",
  "Experimental_support_for_decorators_is_a_feature_that_is_subject_to_change_in_a_future_release_Set_t_1219": "Experimental support for decorators is a feature that is subject to change in a future release. Set the 'experimentalDecorators' option to remove this warning.",
  "Generators_are_only_available_when_targeting_ECMAScript_6_or_higher_1220": "Generators are only available when targeting ECMAScript 6 or higher.",
  "Generators_are_not_allowed_in_an_ambient_context_1221": "Generators are not allowed in an ambient context.",
  "An_overload_signature_cannot_be_declared_as_a_generator_1222": "An overload signature cannot be declared as a generator.",
  "_0_tag_already_specified_1223": "'{0}' tag already specified.",
  "Signature_0_must_have_a_type_predicate_1224": "Signature '{0}' must have a type predicate.",
  "Cannot_find_parameter_0_1225": "Cannot find parameter '{0}'.",
  "Type_predicate_0_is_not_assignable_to_1_1226": "Type predicate '{0}' is not assignable to '{1}'.",
  "Parameter_0_is_not_in_the_same_position_as_parameter_1_1227": "Parameter '{0}' is not in the same position as parameter '{1}'.",
  "A_type_predicate_is_only_allowed_in_return_type_position_for_functions_and_methods_1228": "A type predicate is only allowed in return type position for functions and methods.",
  "A_type_predicate_cannot_reference_a_rest_parameter_1229": "A type predicate cannot reference a rest parameter.",
  "A_type_predicate_cannot_reference_element_0_in_a_binding_pattern_1230": "A type predicate cannot reference element '{0}' in a binding pattern.",
  "An_export_assignment_can_only_be_used_in_a_module_1231": "An export assignment can only be used in a module.",
  "An_import_declaration_can_only_be_used_in_a_namespace_or_module_1232": "An import declaration can only be used in a namespace or module.",
  "An_export_declaration_can_only_be_used_in_a_module_1233": "An export declaration can only be used in a module.",
  "An_ambient_module_declaration_is_only_allowed_at_the_top_level_in_a_file_1234": "An ambient module declaration is only allowed at the top level in a file.",
  "A_namespace_declaration_is_only_allowed_in_a_namespace_or_module_1235": "A namespace declaration is only allowed in a namespace or module.",
  "The_return_type_of_a_property_decorator_function_must_be_either_void_or_any_1236": "The return type of a property decorator function must be either 'void' or 'any'.",
  "The_return_type_of_a_parameter_decorator_function_must_be_either_void_or_any_1237": "The return type of a parameter decorator function must be either 'void' or 'any'.",
  "Unable_to_resolve_signature_of_class_decorator_when_called_as_an_expression_1238": "Unable to resolve signature of class decorator when called as an expression.",
  "Unable_to_resolve_signature_of_parameter_decorator_when_called_as_an_expression_1239": "Unable to resolve signature of parameter decorator when called as an expression.",
  "Unable_to_resolve_signature_of_property_decorator_when_called_as_an_expression_1240": "Unable to resolve signature of property decorator when called as an expression.",
  "Unable_to_resolve_signature_of_method_decorator_when_called_as_an_expression_1241": "Unable to resolve signature of method decorator when called as an expression.",
  "abstract_modifier_can_only_appear_on_a_class_or_method_declaration_1242": "'abstract' modifier can only appear on a class or method declaration.",
  "_0_modifier_cannot_be_used_with_1_modifier_1243": "'{0}' modifier cannot be used with '{1}' modifier.",
  "Abstract_methods_can_only_appear_within_an_abstract_class_1244": "Abstract methods can only appear within an abstract class.",
  "Method_0_cannot_have_an_implementation_because_it_is_marked_abstract_1245": "Method '{0}' cannot have an implementation because it is marked abstract.",
  "An_interface_property_cannot_have_an_initializer_1246": "An interface property cannot have an initializer.",
  "A_type_literal_property_cannot_have_an_initializer_1247": "A type literal property cannot have an initializer.",
  "A_class_member_cannot_have_the_0_keyword_1248": "A class member cannot have the '{0}' keyword.",
  "A_decorator_can_only_decorate_a_method_implementation_not_an_overload_1249": "A decorator can only decorate a method implementation, not an overload.",
  "with_statements_are_not_allowed_in_an_async_function_block_1300": "'with' statements are not allowed in an async function block.",
  "await_expression_is_only_allowed_within_an_async_function_1308": "'await' expression is only allowed within an async function.",
  "Async_functions_are_only_available_when_targeting_ECMAScript_6_and_higher_1311": "Async functions are only available when targeting ECMAScript 6 and higher.",
  "can_only_be_used_in_an_object_literal_property_inside_a_destructuring_assignment_1312": "'=' can only be used in an object literal property inside a destructuring assignment.",
  "The_body_of_an_if_statement_cannot_be_the_empty_statement_1313": "The body of an 'if' statement cannot be the empty statement.",
  "Duplicate_identifier_0_2300": "Duplicate identifier '{0}'.",
  "Initializer_of_instance_member_variable_0_cannot_reference_identifier_1_declared_in_the_constructor_2301": "Initializer of instance member variable '{0}' cannot reference identifier '{1}' declared in the constructor.",
  "Static_members_cannot_reference_class_type_parameters_2302": "Static members cannot reference class type parameters.",
  "Circular_definition_of_import_alias_0_2303": "Circular definition of import alias '{0}'.",
  "Cannot_find_name_0_2304": "Cannot find name '{0}'.",
  "Module_0_has_no_exported_member_1_2305": "Module '{0}' has no exported member '{1}'.",
  "File_0_is_not_a_module_2306": "File '{0}' is not a module.",
  "Cannot_find_module_0_2307": "Cannot find module '{0}'.",
  "Module_0_has_already_exported_a_member_named_1_Consider_explicitly_re_exporting_to_resolve_the_ambig_2308": "Module {0} has already exported a member named '{1}'. Consider explicitly re-exporting to resolve the ambiguity.",
  "An_export_assignment_cannot_be_used_in_a_module_with_other_exported_elements_2309": "An export assignment cannot be used in a module with other exported elements.",
  "Type_0_recursively_references_itself_as_a_base_type_2310": "Type '{0}' recursively references itself as a base type.",
  "A_class_may_only_extend_another_class_2311": "A class may only extend another class.",
  "An_interface_may_only_extend_a_class_or_another_interface_2312": "An interface may only extend a class or another interface.",
  "Type_parameter_0_has_a_circular_constraint_2313": "Type parameter '{0}' has a circular constraint.",
  "Generic_type_0_requires_1_type_argument_s_2314": "Generic type '{0}' requires {1} type argument(s).",
  "Type_0_is_not_generic_2315": "Type '{0}' is not generic.",
  "Global_type_0_must_be_a_class_or_interface_type_2316": "Global type '{0}' must be a class or interface type.",
  "Global_type_0_must_have_1_type_parameter_s_2317": "Global type '{0}' must have {1} type parameter(s).",
  "Cannot_find_global_type_0_2318": "Cannot find global type '{0}'.",
  "Named_property_0_of_types_1_and_2_are_not_identical_2319": "Named property '{0}' of types '{1}' and '{2}' are not identical.",
  "Interface_0_cannot_simultaneously_extend_types_1_and_2_2320": "Interface '{0}' cannot simultaneously extend types '{1}' and '{2}'.",
  "Excessive_stack_depth_comparing_types_0_and_1_2321": "Excessive stack depth comparing types '{0}' and '{1}'.",
  "Type_0_is_not_assignable_to_type_1_2322": "Type '{0}' is not assignable to type '{1}'.",
  "Cannot_redeclare_exported_variable_0_2323": "Cannot redeclare exported variable '{0}'.",
  "Property_0_is_missing_in_type_1_2324": "Property '{0}' is missing in type '{1}'.",
  "Property_0_is_private_in_type_1_but_not_in_type_2_2325": "Property '{0}' is private in type '{1}' but not in type '{2}'.",
  "Types_of_property_0_are_incompatible_2326": "Types of property '{0}' are incompatible.",
  "Property_0_is_optional_in_type_1_but_required_in_type_2_2327": "Property '{0}' is optional in type '{1}' but required in type '{2}'.",
  "Types_of_parameters_0_and_1_are_incompatible_2328": "Types of parameters '{0}' and '{1}' are incompatible.",
  "Index_signature_is_missing_in_type_0_2329": "Index signature is missing in type '{0}'.",
  "Index_signatures_are_incompatible_2330": "Index signatures are incompatible.",
  "this_cannot_be_referenced_in_a_module_or_namespace_body_2331": "'this' cannot be referenced in a module or namespace body.",
  "this_cannot_be_referenced_in_current_location_2332": "'this' cannot be referenced in current location.",
  "this_cannot_be_referenced_in_constructor_arguments_2333": "'this' cannot be referenced in constructor arguments.",
  "this_cannot_be_referenced_in_a_static_property_initializer_2334": "'this' cannot be referenced in a static property initializer.",
  "super_can_only_be_referenced_in_a_derived_class_2335": "'super' can only be referenced in a derived class.",
  "super_cannot_be_referenced_in_constructor_arguments_2336": "'super' cannot be referenced in constructor arguments.",
  "Super_calls_are_not_permitted_outside_constructors_or_in_nested_functions_inside_constructors_2337": "Super calls are not permitted outside constructors or in nested functions inside constructors.",
  "super_property_access_is_permitted_only_in_a_constructor_member_function_or_member_accessor_of_a_der_2338": "'super' property access is permitted only in a constructor, member function, or member accessor of a derived class.",
  "Property_0_does_not_exist_on_type_1_2339": "Property '{0}' does not exist on type '{1}'.",
  "Only_public_and_protected_methods_of_the_base_class_are_accessible_via_the_super_keyword_2340": "Only public and protected methods of the base class are accessible via the 'super' keyword.",
  "Property_0_is_private_and_only_accessible_within_class_1_2341": "Property '{0}' is private and only accessible within class '{1}'.",
  "An_index_expression_argument_must_be_of_type_string_number_symbol_or_any_2342": "An index expression argument must be of type 'string', 'number', 'symbol', or 'any'.",
  "Type_0_does_not_satisfy_the_constraint_1_2344": "Type '{0}' does not satisfy the constraint '{1}'.",
  "Argument_of_type_0_is_not_assignable_to_parameter_of_type_1_2345": "Argument of type '{0}' is not assignable to parameter of type '{1}'.",
  "Supplied_parameters_do_not_match_any_signature_of_call_target_2346": "Supplied parameters do not match any signature of call target.",
  "Untyped_function_calls_may_not_accept_type_arguments_2347": "Untyped function calls may not accept type arguments.",
  "Value_of_type_0_is_not_callable_Did_you_mean_to_include_new_2348": "Value of type '{0}' is not callable. Did you mean to include 'new'?",
  "Cannot_invoke_an_expression_whose_type_lacks_a_call_signature_2349": "Cannot invoke an expression whose type lacks a call signature.",
  "Only_a_void_function_can_be_called_with_the_new_keyword_2350": "Only a void function can be called with the 'new' keyword.",
  "Cannot_use_new_with_an_expression_whose_type_lacks_a_call_or_construct_signature_2351": "Cannot use 'new' with an expression whose type lacks a call or construct signature.",
  "Neither_type_0_nor_type_1_is_assignable_to_the_other_2352": "Neither type '{0}' nor type '{1}' is assignable to the other.",
  "Object_literal_may_only_specify_known_properties_and_0_does_not_exist_in_type_1_2353": "Object literal may only specify known properties, and '{0}' does not exist in type '{1}'.",
  "No_best_common_type_exists_among_return_expressions_2354": "No best common type exists among return expressions.",
  "A_function_whose_declared_type_is_neither_void_nor_any_must_return_a_value_2355": "A function whose declared type is neither 'void' nor 'any' must return a value.",
  "An_arithmetic_operand_must_be_of_type_any_number_or_an_enum_type_2356": "An arithmetic operand must be of type 'any', 'number' or an enum type.",
  "The_operand_of_an_increment_or_decrement_operator_must_be_a_variable_property_or_indexer_2357": "The operand of an increment or decrement operator must be a variable, property or indexer.",
  "The_left_hand_side_of_an_instanceof_expression_must_be_of_type_any_an_object_type_or_a_type_paramete_2358": "The left-hand side of an 'instanceof' expression must be of type 'any', an object type or a type parameter.",
  "The_right_hand_side_of_an_instanceof_expression_must_be_of_type_any_or_of_a_type_assignable_to_the_F_2359": "The right-hand side of an 'instanceof' expression must be of type 'any' or of a type assignable to the 'Function' interface type.",
  "The_left_hand_side_of_an_in_expression_must_be_of_type_any_string_number_or_symbol_2360": "The left-hand side of an 'in' expression must be of type 'any', 'string', 'number', or 'symbol'.",
  "The_right_hand_side_of_an_in_expression_must_be_of_type_any_an_object_type_or_a_type_parameter_2361": "The right-hand side of an 'in' expression must be of type 'any', an object type or a type parameter",
  "The_left_hand_side_of_an_arithmetic_operation_must_be_of_type_any_number_or_an_enum_type_2362": "The left-hand side of an arithmetic operation must be of type 'any', 'number' or an enum type.",
  "The_right_hand_side_of_an_arithmetic_operation_must_be_of_type_any_number_or_an_enum_type_2363": "The right-hand side of an arithmetic operation must be of type 'any', 'number' or an enum type.",
  "Invalid_left_hand_side_of_assignment_expression_2364": "Invalid left-hand side of assignment expression.",
  "Operator_0_cannot_be_applied_to_types_1_and_2_2365": "Operator '{0}' cannot be applied to types '{1}' and '{2}'.",
  "Type_parameter_name_cannot_be_0_2368": "Type parameter name cannot be '{0}'",
  "A_parameter_property_is_only_allowed_in_a_constructor_implementation_2369": "A parameter property is only allowed in a constructor implementation.",
  "A_rest_parameter_must_be_of_an_array_type_2370": "A rest parameter must be of an array type.",
  "A_parameter_initializer_is_only_allowed_in_a_function_or_constructor_implementation_2371": "A parameter initializer is only allowed in a function or constructor implementation.",
  "Parameter_0_cannot_be_referenced_in_its_initializer_2372": "Parameter '{0}' cannot be referenced in its initializer.",
  "Initializer_of_parameter_0_cannot_reference_identifier_1_declared_after_it_2373": "Initializer of parameter '{0}' cannot reference identifier '{1}' declared after it.",
  "Duplicate_string_index_signature_2374": "Duplicate string index signature.",
  "Duplicate_number_index_signature_2375": "Duplicate number index signature.",
  "A_super_call_must_be_the_first_statement_in_the_constructor_when_a_class_contains_initialized_proper_2376": "A 'super' call must be the first statement in the constructor when a class contains initialized properties or has parameter properties.",
  "Constructors_for_derived_classes_must_contain_a_super_call_2377": "Constructors for derived classes must contain a 'super' call.",
  "A_get_accessor_must_return_a_value_2378": "A 'get' accessor must return a value.",
  "Getter_and_setter_accessors_do_not_agree_in_visibility_2379": "Getter and setter accessors do not agree in visibility.",
  "get_and_set_accessor_must_have_the_same_type_2380": "'get' and 'set' accessor must have the same type.",
  "A_signature_with_an_implementation_cannot_use_a_string_literal_type_2381": "A signature with an implementation cannot use a string literal type.",
  "Specialized_overload_signature_is_not_assignable_to_any_non_specialized_signature_2382": "Specialized overload signature is not assignable to any non-specialized signature.",
  "Overload_signatures_must_all_be_exported_or_not_exported_2383": "Overload signatures must all be exported or not exported.",
  "Overload_signatures_must_all_be_ambient_or_non_ambient_2384": "Overload signatures must all be ambient or non-ambient.",
  "Overload_signatures_must_all_be_public_private_or_protected_2385": "Overload signatures must all be public, private or protected.",
  "Overload_signatures_must_all_be_optional_or_required_2386": "Overload signatures must all be optional or required.",
  "Function_overload_must_be_static_2387": "Function overload must be static.",
  "Function_overload_must_not_be_static_2388": "Function overload must not be static.",
  "Function_implementation_name_must_be_0_2389": "Function implementation name must be '{0}'.",
  "Constructor_implementation_is_missing_2390": "Constructor implementation is missing.",
  "Function_implementation_is_missing_or_not_immediately_following_the_declaration_2391": "Function implementation is missing or not immediately following the declaration.",
  "Multiple_constructor_implementations_are_not_allowed_2392": "Multiple constructor implementations are not allowed.",
  "Duplicate_function_implementation_2393": "Duplicate function implementation.",
  "Overload_signature_is_not_compatible_with_function_implementation_2394": "Overload signature is not compatible with function implementation.",
  "Individual_declarations_in_merged_declaration_0_must_be_all_exported_or_all_local_2395": "Individual declarations in merged declaration '{0}' must be all exported or all local.",
  "Duplicate_identifier_arguments_Compiler_uses_arguments_to_initialize_rest_parameters_2396": "Duplicate identifier 'arguments'. Compiler uses 'arguments' to initialize rest parameters.",
  "Declaration_name_conflicts_with_built_in_global_identifier_0_2397": "Declaration name conflicts with built-in global identifier '{0}'.",
  "Duplicate_identifier_this_Compiler_uses_variable_declaration_this_to_capture_this_reference_2399": "Duplicate identifier '_this'. Compiler uses variable declaration '_this' to capture 'this' reference.",
  "Expression_resolves_to_variable_declaration_this_that_compiler_uses_to_capture_this_reference_2400": "Expression resolves to variable declaration '_this' that compiler uses to capture 'this' reference.",
  "Duplicate_identifier_super_Compiler_uses_super_to_capture_base_class_reference_2401": "Duplicate identifier '_super'. Compiler uses '_super' to capture base class reference.",
  "Expression_resolves_to_super_that_compiler_uses_to_capture_base_class_reference_2402": "Expression resolves to '_super' that compiler uses to capture base class reference.",
  "Subsequent_variable_declarations_must_have_the_same_type_Variable_0_must_be_of_type_1_but_here_has_t_2403": "Subsequent variable declarations must have the same type.  Variable '{0}' must be of type '{1}', but here has type '{2}'.",
  "The_left_hand_side_of_a_for_in_statement_cannot_use_a_type_annotation_2404": "The left-hand side of a 'for...in' statement cannot use a type annotation.",
  "The_left_hand_side_of_a_for_in_statement_must_be_of_type_string_or_any_2405": "The left-hand side of a 'for...in' statement must be of type 'string' or 'any'.",
  "Invalid_left_hand_side_in_for_in_statement_2406": "Invalid left-hand side in 'for...in' statement.",
  "The_right_hand_side_of_a_for_in_statement_must_be_of_type_any_an_object_type_or_a_type_parameter_2407": "The right-hand side of a 'for...in' statement must be of type 'any', an object type or a type parameter.",
  "Setters_cannot_return_a_value_2408": "Setters cannot return a value.",
  "Return_type_of_constructor_signature_must_be_assignable_to_the_instance_type_of_the_class_2409": "Return type of constructor signature must be assignable to the instance type of the class",
  "All_symbols_within_a_with_block_will_be_resolved_to_any_2410": "All symbols within a 'with' block will be resolved to 'any'.",
  "Property_0_of_type_1_is_not_assignable_to_string_index_type_2_2411": "Property '{0}' of type '{1}' is not assignable to string index type '{2}'.",
  "Property_0_of_type_1_is_not_assignable_to_numeric_index_type_2_2412": "Property '{0}' of type '{1}' is not assignable to numeric index type '{2}'.",
  "Numeric_index_type_0_is_not_assignable_to_string_index_type_1_2413": "Numeric index type '{0}' is not assignable to string index type '{1}'.",
  "Class_name_cannot_be_0_2414": "Class name cannot be '{0}'",
  "Class_0_incorrectly_extends_base_class_1_2415": "Class '{0}' incorrectly extends base class '{1}'.",
  "Class_static_side_0_incorrectly_extends_base_class_static_side_1_2417": "Class static side '{0}' incorrectly extends base class static side '{1}'.",
  "Type_name_0_in_extends_clause_does_not_reference_constructor_function_for_0_2419": "Type name '{0}' in extends clause does not reference constructor function for '{0}'.",
  "Class_0_incorrectly_implements_interface_1_2420": "Class '{0}' incorrectly implements interface '{1}'.",
  "A_class_may_only_implement_another_class_or_interface_2422": "A class may only implement another class or interface.",
  "Class_0_defines_instance_member_function_1_but_extended_class_2_defines_it_as_instance_member_access_2423": "Class '{0}' defines instance member function '{1}', but extended class '{2}' defines it as instance member accessor.",
  "Class_0_defines_instance_member_function_1_but_extended_class_2_defines_it_as_instance_member_proper_2424": "Class '{0}' defines instance member function '{1}', but extended class '{2}' defines it as instance member property.",
  "Class_0_defines_instance_member_property_1_but_extended_class_2_defines_it_as_instance_member_functi_2425": "Class '{0}' defines instance member property '{1}', but extended class '{2}' defines it as instance member function.",
  "Class_0_defines_instance_member_accessor_1_but_extended_class_2_defines_it_as_instance_member_functi_2426": "Class '{0}' defines instance member accessor '{1}', but extended class '{2}' defines it as instance member function.",
  "Interface_name_cannot_be_0_2427": "Interface name cannot be '{0}'",
  "All_declarations_of_an_interface_must_have_identical_type_parameters_2428": "All declarations of an interface must have identical type parameters.",
  "Interface_0_incorrectly_extends_interface_1_2430": "Interface '{0}' incorrectly extends interface '{1}'.",
  "Enum_name_cannot_be_0_2431": "Enum name cannot be '{0}'",
  "In_an_enum_with_multiple_declarations_only_one_declaration_can_omit_an_initializer_for_its_first_enu_2432": "In an enum with multiple declarations, only one declaration can omit an initializer for its first enum element.",
  "A_namespace_declaration_cannot_be_in_a_different_file_from_a_class_or_function_with_which_it_is_merg_2433": "A namespace declaration cannot be in a different file from a class or function with which it is merged",
  "A_namespace_declaration_cannot_be_located_prior_to_a_class_or_function_with_which_it_is_merged_2434": "A namespace declaration cannot be located prior to a class or function with which it is merged",
  "Ambient_modules_cannot_be_nested_in_other_modules_or_namespaces_2435": "Ambient modules cannot be nested in other modules or namespaces.",
  "Ambient_module_declaration_cannot_specify_relative_module_name_2436": "Ambient module declaration cannot specify relative module name.",
  "Module_0_is_hidden_by_a_local_declaration_with_the_same_name_2437": "Module '{0}' is hidden by a local declaration with the same name",
  "Import_name_cannot_be_0_2438": "Import name cannot be '{0}'",
  "Import_or_export_declaration_in_an_ambient_module_declaration_cannot_reference_module_through_relati_2439": "Import or export declaration in an ambient module declaration cannot reference module through relative module name.",
  "Import_declaration_conflicts_with_local_declaration_of_0_2440": "Import declaration conflicts with local declaration of '{0}'",
  "Duplicate_identifier_0_Compiler_reserves_name_1_in_top_level_scope_of_a_module_2441": "Duplicate identifier '{0}'. Compiler reserves name '{1}' in top level scope of a module.",
  "Types_have_separate_declarations_of_a_private_property_0_2442": "Types have separate declarations of a private property '{0}'.",
  "Property_0_is_protected_but_type_1_is_not_a_class_derived_from_2_2443": "Property '{0}' is protected but type '{1}' is not a class derived from '{2}'.",
  "Property_0_is_protected_in_type_1_but_public_in_type_2_2444": "Property '{0}' is protected in type '{1}' but public in type '{2}'.",
  "Property_0_is_protected_and_only_accessible_within_class_1_and_its_subclasses_2445": "Property '{0}' is protected and only accessible within class '{1}' and its subclasses.",
  "Property_0_is_protected_and_only_accessible_through_an_instance_of_class_1_2446": "Property '{0}' is protected and only accessible through an instance of class '{1}'.",
  "The_0_operator_is_not_allowed_for_boolean_types_Consider_using_1_instead_2447": "The '{0}' operator is not allowed for boolean types. Consider using '{1}' instead.",
  "Block_scoped_variable_0_used_before_its_declaration_2448": "Block-scoped variable '{0}' used before its declaration.",
  "The_operand_of_an_increment_or_decrement_operator_cannot_be_a_constant_2449": "The operand of an increment or decrement operator cannot be a constant.",
  "Left_hand_side_of_assignment_expression_cannot_be_a_constant_2450": "Left-hand side of assignment expression cannot be a constant.",
  "Cannot_redeclare_block_scoped_variable_0_2451": "Cannot redeclare block-scoped variable '{0}'.",
  "An_enum_member_cannot_have_a_numeric_name_2452": "An enum member cannot have a numeric name.",
  "The_type_argument_for_type_parameter_0_cannot_be_inferred_from_the_usage_Consider_specifying_the_typ_2453": "The type argument for type parameter '{0}' cannot be inferred from the usage. Consider specifying the type arguments explicitly.",
  "Type_argument_candidate_1_is_not_a_valid_type_argument_because_it_is_not_a_supertype_of_candidate_0_2455": "Type argument candidate '{1}' is not a valid type argument because it is not a supertype of candidate '{0}'.",
  "Type_alias_0_circularly_references_itself_2456": "Type alias '{0}' circularly references itself.",
  "Type_alias_name_cannot_be_0_2457": "Type alias name cannot be '{0}'",
  "An_AMD_module_cannot_have_multiple_name_assignments_2458": "An AMD module cannot have multiple name assignments.",
  "Type_0_has_no_property_1_and_no_string_index_signature_2459": "Type '{0}' has no property '{1}' and no string index signature.",
  "Type_0_has_no_property_1_2460": "Type '{0}' has no property '{1}'.",
  "Type_0_is_not_an_array_type_2461": "Type '{0}' is not an array type.",
  "A_rest_element_must_be_last_in_an_array_destructuring_pattern_2462": "A rest element must be last in an array destructuring pattern",
  "A_binding_pattern_parameter_cannot_be_optional_in_an_implementation_signature_2463": "A binding pattern parameter cannot be optional in an implementation signature.",
  "A_computed_property_name_must_be_of_type_string_number_symbol_or_any_2464": "A computed property name must be of type 'string', 'number', 'symbol', or 'any'.",
  "this_cannot_be_referenced_in_a_computed_property_name_2465": "'this' cannot be referenced in a computed property name.",
  "super_cannot_be_referenced_in_a_computed_property_name_2466": "'super' cannot be referenced in a computed property name.",
  "A_computed_property_name_cannot_reference_a_type_parameter_from_its_containing_type_2467": "A computed property name cannot reference a type parameter from its containing type.",
  "Cannot_find_global_value_0_2468": "Cannot find global value '{0}'.",
  "The_0_operator_cannot_be_applied_to_type_symbol_2469": "The '{0}' operator cannot be applied to type 'symbol'.",
  "Symbol_reference_does_not_refer_to_the_global_Symbol_constructor_object_2470": "'Symbol' reference does not refer to the global Symbol constructor object.",
  "A_computed_property_name_of_the_form_0_must_be_of_type_symbol_2471": "A computed property name of the form '{0}' must be of type 'symbol'.",
  "Spread_operator_in_new_expressions_is_only_available_when_targeting_ECMAScript_5_and_higher_2472": "Spread operator in 'new' expressions is only available when targeting ECMAScript 5 and higher.",
  "Enum_declarations_must_all_be_const_or_non_const_2473": "Enum declarations must all be const or non-const.",
  "In_const_enum_declarations_member_initializer_must_be_constant_expression_2474": "In 'const' enum declarations member initializer must be constant expression.",
  "const_enums_can_only_be_used_in_property_or_index_access_expressions_or_the_right_hand_side_of_an_im_2475": "'const' enums can only be used in property or index access expressions or the right hand side of an import declaration or export assignment.",
  "A_const_enum_member_can_only_be_accessed_using_a_string_literal_2476": "A const enum member can only be accessed using a string literal.",
  "const_enum_member_initializer_was_evaluated_to_a_non_finite_value_2477": "'const' enum member initializer was evaluated to a non-finite value.",
  "const_enum_member_initializer_was_evaluated_to_disallowed_value_NaN_2478": "'const' enum member initializer was evaluated to disallowed value 'NaN'.",
  "Property_0_does_not_exist_on_const_enum_1_2479": "Property '{0}' does not exist on 'const' enum '{1}'.",
  "let_is_not_allowed_to_be_used_as_a_name_in_let_or_const_declarations_2480": "'let' is not allowed to be used as a name in 'let' or 'const' declarations.",
  "Cannot_initialize_outer_scoped_variable_0_in_the_same_scope_as_block_scoped_declaration_1_2481": "Cannot initialize outer scoped variable '{0}' in the same scope as block scoped declaration '{1}'.",
  "The_left_hand_side_of_a_for_of_statement_cannot_use_a_type_annotation_2483": "The left-hand side of a 'for...of' statement cannot use a type annotation.",
  "Export_declaration_conflicts_with_exported_declaration_of_0_2484": "Export declaration conflicts with exported declaration of '{0}'",
  "The_left_hand_side_of_a_for_of_statement_cannot_be_a_previously_defined_constant_2485": "The left-hand side of a 'for...of' statement cannot be a previously defined constant.",
  "The_left_hand_side_of_a_for_in_statement_cannot_be_a_previously_defined_constant_2486": "The left-hand side of a 'for...in' statement cannot be a previously defined constant.",
  "Invalid_left_hand_side_in_for_of_statement_2487": "Invalid left-hand side in 'for...of' statement.",
  "Type_must_have_a_Symbol_iterator_method_that_returns_an_iterator_2488": "Type must have a '[Symbol.iterator]()' method that returns an iterator.",
  "An_iterator_must_have_a_next_method_2489": "An iterator must have a 'next()' method.",
  "The_type_returned_by_the_next_method_of_an_iterator_must_have_a_value_property_2490": "The type returned by the 'next()' method of an iterator must have a 'value' property.",
  "The_left_hand_side_of_a_for_in_statement_cannot_be_a_destructuring_pattern_2491": "The left-hand side of a 'for...in' statement cannot be a destructuring pattern.",
  "Cannot_redeclare_identifier_0_in_catch_clause_2492": "Cannot redeclare identifier '{0}' in catch clause",
  "Tuple_type_0_with_length_1_cannot_be_assigned_to_tuple_with_length_2_2493": "Tuple type '{0}' with length '{1}' cannot be assigned to tuple with length '{2}'.",
  "Using_a_string_in_a_for_of_statement_is_only_supported_in_ECMAScript_5_and_higher_2494": "Using a string in a 'for...of' statement is only supported in ECMAScript 5 and higher.",
  "Type_0_is_not_an_array_type_or_a_string_type_2495": "Type '{0}' is not an array type or a string type.",
  "The_arguments_object_cannot_be_referenced_in_an_arrow_function_in_ES3_and_ES5_Consider_using_a_stand_2496": "The 'arguments' object cannot be referenced in an arrow function in ES3 and ES5. Consider using a standard function expression.",
  "Module_0_resolves_to_a_non_module_entity_and_cannot_be_imported_using_this_construct_2497": "Module '{0}' resolves to a non-module entity and cannot be imported using this construct.",
  "Module_0_uses_export_and_cannot_be_used_with_export_Asterisk_2498": "Module '{0}' uses 'export =' and cannot be used with 'export *'.",
  "An_interface_can_only_extend_an_identifier_Slashqualified_name_with_optional_type_arguments_2499": "An interface can only extend an identifier/qualified-name with optional type arguments.",
  "A_class_can_only_implement_an_identifier_Slashqualified_name_with_optional_type_arguments_2500": "A class can only implement an identifier/qualified-name with optional type arguments.",
  "A_rest_element_cannot_contain_a_binding_pattern_2501": "A rest element cannot contain a binding pattern.",
  "_0_is_referenced_directly_or_indirectly_in_its_own_type_annotation_2502": "'{0}' is referenced directly or indirectly in its own type annotation.",
  "Cannot_find_namespace_0_2503": "Cannot find namespace '{0}'.",
  "No_best_common_type_exists_among_yield_expressions_2504": "No best common type exists among yield expressions.",
  "A_generator_cannot_have_a_void_type_annotation_2505": "A generator cannot have a 'void' type annotation.",
  "_0_is_referenced_directly_or_indirectly_in_its_own_base_expression_2506": "'{0}' is referenced directly or indirectly in its own base expression.",
  "Type_0_is_not_a_constructor_function_type_2507": "Type '{0}' is not a constructor function type.",
  "No_base_constructor_has_the_specified_number_of_type_arguments_2508": "No base constructor has the specified number of type arguments.",
  "Base_constructor_return_type_0_is_not_a_class_or_interface_type_2509": "Base constructor return type '{0}' is not a class or interface type.",
  "Base_constructors_must_all_have_the_same_return_type_2510": "Base constructors must all have the same return type.",
  "Cannot_create_an_instance_of_the_abstract_class_0_2511": "Cannot create an instance of the abstract class '{0}'.",
  "Overload_signatures_must_all_be_abstract_or_not_abstract_2512": "Overload signatures must all be abstract or not abstract.",
  "Abstract_method_0_in_class_1_cannot_be_accessed_via_super_expression_2513": "Abstract method '{0}' in class '{1}' cannot be accessed via super expression.",
  "Classes_containing_abstract_methods_must_be_marked_abstract_2514": "Classes containing abstract methods must be marked abstract.",
  "Non_abstract_class_0_does_not_implement_inherited_abstract_member_1_from_class_2_2515": "Non-abstract class '{0}' does not implement inherited abstract member '{1}' from class '{2}'.",
  "All_declarations_of_an_abstract_method_must_be_consecutive_2516": "All declarations of an abstract method must be consecutive.",
  "Cannot_assign_an_abstract_constructor_type_to_a_non_abstract_constructor_type_2517": "Cannot assign an abstract constructor type to a non-abstract constructor type.",
  "A_this_based_type_guard_is_not_compatible_with_a_parameter_based_type_guard_2518": "A 'this'-based type guard is not compatible with a parameter-based type guard.",
  "Duplicate_identifier_0_Compiler_uses_declaration_1_to_support_async_functions_2520": "Duplicate identifier '{0}'. Compiler uses declaration '{1}' to support async functions.",
  "Expression_resolves_to_variable_declaration_0_that_compiler_uses_to_support_async_functions_2521": "Expression resolves to variable declaration '{0}' that compiler uses to support async functions.",
  "The_arguments_object_cannot_be_referenced_in_an_async_arrow_function_Consider_using_a_standard_async_2522": "The 'arguments' object cannot be referenced in an async arrow function. Consider using a standard async function expression.",
  "yield_expressions_cannot_be_used_in_a_parameter_initializer_2523": "'yield' expressions cannot be used in a parameter initializer.",
  "await_expressions_cannot_be_used_in_a_parameter_initializer_2524": "'await' expressions cannot be used in a parameter initializer.",
  "Initializer_provides_no_value_for_this_binding_element_and_the_binding_element_has_no_default_value_2525": "Initializer provides no value for this binding element and the binding element has no default value.",
  "A_this_type_is_available_only_in_a_non_static_member_of_a_class_or_interface_2526": "A 'this' type is available only in a non-static member of a class or interface.",
  "The_inferred_type_of_0_references_an_inaccessible_this_type_A_type_annotation_is_necessary_2527": "The inferred type of '{0}' references an inaccessible 'this' type. A type annotation is necessary.",
  "A_module_cannot_have_multiple_default_exports_2528": "A module cannot have multiple default exports.",
  "Duplicate_identifier_0_Compiler_reserves_name_1_in_top_level_scope_of_a_module_containing_async_func_2529": "Duplicate identifier '{0}'. Compiler reserves name '{1}' in top level scope of a module containing async functions.",
  "JSX_element_attributes_type_0_may_not_be_a_union_type_2600": "JSX element attributes type '{0}' may not be a union type.",
  "The_return_type_of_a_JSX_element_constructor_must_return_an_object_type_2601": "The return type of a JSX element constructor must return an object type.",
  "JSX_element_implicitly_has_type_any_because_the_global_type_JSX_Element_does_not_exist_2602": "JSX element implicitly has type 'any' because the global type 'JSX.Element' does not exist.",
  "Property_0_in_type_1_is_not_assignable_to_type_2_2603": "Property '{0}' in type '{1}' is not assignable to type '{2}'",
  "JSX_element_type_0_does_not_have_any_construct_or_call_signatures_2604": "JSX element type '{0}' does not have any construct or call signatures.",
  "JSX_element_type_0_is_not_a_constructor_function_for_JSX_elements_2605": "JSX element type '{0}' is not a constructor function for JSX elements.",
  "Property_0_of_JSX_spread_attribute_is_not_assignable_to_target_property_2606": "Property '{0}' of JSX spread attribute is not assignable to target property.",
  "JSX_element_class_does_not_support_attributes_because_it_does_not_have_a_0_property_2607": "JSX element class does not support attributes because it does not have a '{0}' property",
  "The_global_type_JSX_0_may_not_have_more_than_one_property_2608": "The global type 'JSX.{0}' may not have more than one property",
  "Cannot_emit_namespaced_JSX_elements_in_React_2650": "Cannot emit namespaced JSX elements in React",
  "A_member_initializer_in_a_enum_declaration_cannot_reference_members_declared_after_it_including_memb_2651": "A member initializer in a enum declaration cannot reference members declared after it, including members defined in other enums.",
  "Merged_declaration_0_cannot_include_a_default_export_declaration_Consider_adding_a_separate_export_d_2652": "Merged declaration '{0}' cannot include a default export declaration. Consider adding a separate 'export default {0}' declaration instead.",
  "Non_abstract_class_expression_does_not_implement_inherited_abstract_member_0_from_class_1_2653": "Non-abstract class expression does not implement inherited abstract member '{0}' from class '{1}'.",
  "Exported_external_package_typings_file_cannot_contain_tripleslash_references_Please_contact_the_pack_2654": "Exported external package typings file cannot contain tripleslash references. Please contact the package author to update the package definition.",
  "Exported_external_package_typings_file_0_is_not_a_module_Please_contact_the_package_author_to_update_2656": "Exported external package typings file '{0}' is not a module. Please contact the package author to update the package definition.",
  "JSX_expressions_must_have_one_parent_element_2657": "JSX expressions must have one parent element",
  "Type_0_provides_no_match_for_the_signature_1_2658": "Type '{0}' provides no match for the signature '{1}'",
  "super_is_only_allowed_in_members_of_object_literal_expressions_when_option_target_is_ES2015_or_highe_2659": "'super' is only allowed in members of object literal expressions when option 'target' is 'ES2015' or higher.",
  "super_can_only_be_referenced_in_members_of_derived_classes_or_object_literal_expressions_2660": "'super' can only be referenced in members of derived classes or object literal expressions.",
  "Cannot_re_export_name_that_is_not_defined_in_the_module_2661": "Cannot re-export name that is not defined in the module.",
  "Cannot_find_name_0_Did_you_mean_the_static_member_1_0_2662": "Cannot find name '{0}'. Did you mean the static member '{1}.{0}'?",
  "Cannot_find_name_0_Did_you_mean_the_instance_member_this_0_2663": "Cannot find name '{0}'. Did you mean the instance member 'this.{0}'?",
  "Invalid_module_name_in_augmentation_module_0_cannot_be_found_2664": "Invalid module name in augmentation, module '{0}' cannot be found.",
  "Module_augmentation_cannot_introduce_new_names_in_the_top_level_scope_2665": "Module augmentation cannot introduce new names in the top level scope.",
  "Exports_and_export_assignments_are_not_permitted_in_module_augmentations_2666": "Exports and export assignments are not permitted in module augmentations.",
  "Imports_are_not_permitted_in_module_augmentations_Consider_moving_them_to_the_enclosing_external_mod_2667": "Imports are not permitted in module augmentations. Consider moving them to the enclosing external module.",
  "export_modifier_cannot_be_applied_to_ambient_modules_and_module_augmentations_since_they_are_always__2668": "'export' modifier cannot be applied to ambient modules and module augmentations since they are always visible.",
  "Augmentations_for_the_global_scope_can_only_be_directly_nested_in_external_modules_or_ambient_module_2669": "Augmentations for the global scope can only be directly nested in external modules or ambient module declarations.",
  "Augmentations_for_the_global_scope_should_have_declare_modifier_unless_they_appear_in_already_ambien_2670": "Augmentations for the global scope should have 'declare' modifier unless they appear in already ambient context.",
  "Cannot_augment_module_0_because_it_resolves_to_a_non_module_entity_2671": "Cannot augment module '{0}' because it resolves to a non-module entity.",
  "Import_declaration_0_is_using_private_name_1_4000": "Import declaration '{0}' is using private name '{1}'.",
  "Type_parameter_0_of_exported_class_has_or_is_using_private_name_1_4002": "Type parameter '{0}' of exported class has or is using private name '{1}'.",
  "Type_parameter_0_of_exported_interface_has_or_is_using_private_name_1_4004": "Type parameter '{0}' of exported interface has or is using private name '{1}'.",
  "Type_parameter_0_of_constructor_signature_from_exported_interface_has_or_is_using_private_name_1_4006": "Type parameter '{0}' of constructor signature from exported interface has or is using private name '{1}'.",
  "Type_parameter_0_of_call_signature_from_exported_interface_has_or_is_using_private_name_1_4008": "Type parameter '{0}' of call signature from exported interface has or is using private name '{1}'.",
  "Type_parameter_0_of_public_static_method_from_exported_class_has_or_is_using_private_name_1_4010": "Type parameter '{0}' of public static method from exported class has or is using private name '{1}'.",
  "Type_parameter_0_of_public_method_from_exported_class_has_or_is_using_private_name_1_4012": "Type parameter '{0}' of public method from exported class has or is using private name '{1}'.",
  "Type_parameter_0_of_method_from_exported_interface_has_or_is_using_private_name_1_4014": "Type parameter '{0}' of method from exported interface has or is using private name '{1}'.",
  "Type_parameter_0_of_exported_function_has_or_is_using_private_name_1_4016": "Type parameter '{0}' of exported function has or is using private name '{1}'.",
  "Implements_clause_of_exported_class_0_has_or_is_using_private_name_1_4019": "Implements clause of exported class '{0}' has or is using private name '{1}'.",
  "Extends_clause_of_exported_class_0_has_or_is_using_private_name_1_4020": "Extends clause of exported class '{0}' has or is using private name '{1}'.",
  "Extends_clause_of_exported_interface_0_has_or_is_using_private_name_1_4022": "Extends clause of exported interface '{0}' has or is using private name '{1}'.",
  "Exported_variable_0_has_or_is_using_name_1_from_external_module_2_but_cannot_be_named_4023": "Exported variable '{0}' has or is using name '{1}' from external module {2} but cannot be named.",
  "Exported_variable_0_has_or_is_using_name_1_from_private_module_2_4024": "Exported variable '{0}' has or is using name '{1}' from private module '{2}'.",
  "Exported_variable_0_has_or_is_using_private_name_1_4025": "Exported variable '{0}' has or is using private name '{1}'.",
  "Public_static_property_0_of_exported_class_has_or_is_using_name_1_from_external_module_2_but_cannot__4026": "Public static property '{0}' of exported class has or is using name '{1}' from external module {2} but cannot be named.",
  "Public_static_property_0_of_exported_class_has_or_is_using_name_1_from_private_module_2_4027": "Public static property '{0}' of exported class has or is using name '{1}' from private module '{2}'.",
  "Public_static_property_0_of_exported_class_has_or_is_using_private_name_1_4028": "Public static property '{0}' of exported class has or is using private name '{1}'.",
  "Public_property_0_of_exported_class_has_or_is_using_name_1_from_external_module_2_but_cannot_be_name_4029": "Public property '{0}' of exported class has or is using name '{1}' from external module {2} but cannot be named.",
  "Public_property_0_of_exported_class_has_or_is_using_name_1_from_private_module_2_4030": "Public property '{0}' of exported class has or is using name '{1}' from private module '{2}'.",
  "Public_property_0_of_exported_class_has_or_is_using_private_name_1_4031": "Public property '{0}' of exported class has or is using private name '{1}'.",
  "Property_0_of_exported_interface_has_or_is_using_name_1_from_private_module_2_4032": "Property '{0}' of exported interface has or is using name '{1}' from private module '{2}'.",
  "Property_0_of_exported_interface_has_or_is_using_private_name_1_4033": "Property '{0}' of exported interface has or is using private name '{1}'.",
  "Parameter_0_of_public_static_property_setter_from_exported_class_has_or_is_using_name_1_from_private_4034": "Parameter '{0}' of public static property setter from exported class has or is using name '{1}' from private module '{2}'.",
  "Parameter_0_of_public_static_property_setter_from_exported_class_has_or_is_using_private_name_1_4035": "Parameter '{0}' of public static property setter from exported class has or is using private name '{1}'.",
  "Parameter_0_of_public_property_setter_from_exported_class_has_or_is_using_name_1_from_private_module_4036": "Parameter '{0}' of public property setter from exported class has or is using name '{1}' from private module '{2}'.",
  "Parameter_0_of_public_property_setter_from_exported_class_has_or_is_using_private_name_1_4037": "Parameter '{0}' of public property setter from exported class has or is using private name '{1}'.",
  "Return_type_of_public_static_property_getter_from_exported_class_has_or_is_using_name_0_from_externa_4038": "Return type of public static property getter from exported class has or is using name '{0}' from external module {1} but cannot be named.",
  "Return_type_of_public_static_property_getter_from_exported_class_has_or_is_using_name_0_from_private_4039": "Return type of public static property getter from exported class has or is using name '{0}' from private module '{1}'.",
  "Return_type_of_public_static_property_getter_from_exported_class_has_or_is_using_private_name_0_4040": "Return type of public static property getter from exported class has or is using private name '{0}'.",
  "Return_type_of_public_property_getter_from_exported_class_has_or_is_using_name_0_from_external_modul_4041": "Return type of public property getter from exported class has or is using name '{0}' from external module {1} but cannot be named.",
  "Return_type_of_public_property_getter_from_exported_class_has_or_is_using_name_0_from_private_module_4042": "Return type of public property getter from exported class has or is using name '{0}' from private module '{1}'.",
  "Return_type_of_public_property_getter_from_exported_class_has_or_is_using_private_name_0_4043": "Return type of public property getter from exported class has or is using private name '{0}'.",
  "Return_type_of_constructor_signature_from_exported_interface_has_or_is_using_name_0_from_private_mod_4044": "Return type of constructor signature from exported interface has or is using name '{0}' from private module '{1}'.",
  "Return_type_of_constructor_signature_from_exported_interface_has_or_is_using_private_name_0_4045": "Return type of constructor signature from exported interface has or is using private name '{0}'.",
  "Return_type_of_call_signature_from_exported_interface_has_or_is_using_name_0_from_private_module_1_4046": "Return type of call signature from exported interface has or is using name '{0}' from private module '{1}'.",
  "Return_type_of_call_signature_from_exported_interface_has_or_is_using_private_name_0_4047": "Return type of call signature from exported interface has or is using private name '{0}'.",
  "Return_type_of_index_signature_from_exported_interface_has_or_is_using_name_0_from_private_module_1_4048": "Return type of index signature from exported interface has or is using name '{0}' from private module '{1}'.",
  "Return_type_of_index_signature_from_exported_interface_has_or_is_using_private_name_0_4049": "Return type of index signature from exported interface has or is using private name '{0}'.",
  "Return_type_of_public_static_method_from_exported_class_has_or_is_using_name_0_from_external_module__4050": "Return type of public static method from exported class has or is using name '{0}' from external module {1} but cannot be named.",
  "Return_type_of_public_static_method_from_exported_class_has_or_is_using_name_0_from_private_module_1_4051": "Return type of public static method from exported class has or is using name '{0}' from private module '{1}'.",
  "Return_type_of_public_static_method_from_exported_class_has_or_is_using_private_name_0_4052": "Return type of public static method from exported class has or is using private name '{0}'.",
  "Return_type_of_public_method_from_exported_class_has_or_is_using_name_0_from_external_module_1_but_c_4053": "Return type of public method from exported class has or is using name '{0}' from external module {1} but cannot be named.",
  "Return_type_of_public_method_from_exported_class_has_or_is_using_name_0_from_private_module_1_4054": "Return type of public method from exported class has or is using name '{0}' from private module '{1}'.",
  "Return_type_of_public_method_from_exported_class_has_or_is_using_private_name_0_4055": "Return type of public method from exported class has or is using private name '{0}'.",
  "Return_type_of_method_from_exported_interface_has_or_is_using_name_0_from_private_module_1_4056": "Return type of method from exported interface has or is using name '{0}' from private module '{1}'.",
  "Return_type_of_method_from_exported_interface_has_or_is_using_private_name_0_4057": "Return type of method from exported interface has or is using private name '{0}'.",
  "Return_type_of_exported_function_has_or_is_using_name_0_from_external_module_1_but_cannot_be_named_4058": "Return type of exported function has or is using name '{0}' from external module {1} but cannot be named.",
  "Return_type_of_exported_function_has_or_is_using_name_0_from_private_module_1_4059": "Return type of exported function has or is using name '{0}' from private module '{1}'.",
  "Return_type_of_exported_function_has_or_is_using_private_name_0_4060": "Return type of exported function has or is using private name '{0}'.",
  "Parameter_0_of_constructor_from_exported_class_has_or_is_using_name_1_from_external_module_2_but_can_4061": "Parameter '{0}' of constructor from exported class has or is using name '{1}' from external module {2} but cannot be named.",
  "Parameter_0_of_constructor_from_exported_class_has_or_is_using_name_1_from_private_module_2_4062": "Parameter '{0}' of constructor from exported class has or is using name '{1}' from private module '{2}'.",
  "Parameter_0_of_constructor_from_exported_class_has_or_is_using_private_name_1_4063": "Parameter '{0}' of constructor from exported class has or is using private name '{1}'.",
  "Parameter_0_of_constructor_signature_from_exported_interface_has_or_is_using_name_1_from_private_mod_4064": "Parameter '{0}' of constructor signature from exported interface has or is using name '{1}' from private module '{2}'.",
  "Parameter_0_of_constructor_signature_from_exported_interface_has_or_is_using_private_name_1_4065": "Parameter '{0}' of constructor signature from exported interface has or is using private name '{1}'.",
  "Parameter_0_of_call_signature_from_exported_interface_has_or_is_using_name_1_from_private_module_2_4066": "Parameter '{0}' of call signature from exported interface has or is using name '{1}' from private module '{2}'.",
  "Parameter_0_of_call_signature_from_exported_interface_has_or_is_using_private_name_1_4067": "Parameter '{0}' of call signature from exported interface has or is using private name '{1}'.",
  "Parameter_0_of_public_static_method_from_exported_class_has_or_is_using_name_1_from_external_module__4068": "Parameter '{0}' of public static method from exported class has or is using name '{1}' from external module {2} but cannot be named.",
  "Parameter_0_of_public_static_method_from_exported_class_has_or_is_using_name_1_from_private_module_2_4069": "Parameter '{0}' of public static method from exported class has or is using name '{1}' from private module '{2}'.",
  "Parameter_0_of_public_static_method_from_exported_class_has_or_is_using_private_name_1_4070": "Parameter '{0}' of public static method from exported class has or is using private name '{1}'.",
  "Parameter_0_of_public_method_from_exported_class_has_or_is_using_name_1_from_external_module_2_but_c_4071": "Parameter '{0}' of public method from exported class has or is using name '{1}' from external module {2} but cannot be named.",
  "Parameter_0_of_public_method_from_exported_class_has_or_is_using_name_1_from_private_module_2_4072": "Parameter '{0}' of public method from exported class has or is using name '{1}' from private module '{2}'.",
  "Parameter_0_of_public_method_from_exported_class_has_or_is_using_private_name_1_4073": "Parameter '{0}' of public method from exported class has or is using private name '{1}'.",
  "Parameter_0_of_method_from_exported_interface_has_or_is_using_name_1_from_private_module_2_4074": "Parameter '{0}' of method from exported interface has or is using name '{1}' from private module '{2}'.",
  "Parameter_0_of_method_from_exported_interface_has_or_is_using_private_name_1_4075": "Parameter '{0}' of method from exported interface has or is using private name '{1}'.",
  "Parameter_0_of_exported_function_has_or_is_using_name_1_from_external_module_2_but_cannot_be_named_4076": "Parameter '{0}' of exported function has or is using name '{1}' from external module {2} but cannot be named.",
  "Parameter_0_of_exported_function_has_or_is_using_name_1_from_private_module_2_4077": "Parameter '{0}' of exported function has or is using name '{1}' from private module '{2}'.",
  "Parameter_0_of_exported_function_has_or_is_using_private_name_1_4078": "Parameter '{0}' of exported function has or is using private name '{1}'.",
  "Exported_type_alias_0_has_or_is_using_private_name_1_4081": "Exported type alias '{0}' has or is using private name '{1}'.",
  "Default_export_of_the_module_has_or_is_using_private_name_0_4082": "Default export of the module has or is using private name '{0}'.",
  "The_current_host_does_not_support_the_0_option_5001": "The current host does not support the '{0}' option.",
  "Cannot_find_the_common_subdirectory_path_for_the_input_files_5009": "Cannot find the common subdirectory path for the input files.",
  "Cannot_read_file_0_Colon_1_5012": "Cannot read file '{0}': {1}",
  "Unsupported_file_encoding_5013": "Unsupported file encoding.",
  "Failed_to_parse_file_0_Colon_1_5014": "Failed to parse file '{0}': {1}.",
  "Unknown_compiler_option_0_5023": "Unknown compiler option '{0}'.",
  "Compiler_option_0_requires_a_value_of_type_1_5024": "Compiler option '{0}' requires a value of type {1}.",
  "Could_not_write_file_0_Colon_1_5033": "Could not write file '{0}': {1}",
  "Option_project_cannot_be_mixed_with_source_files_on_a_command_line_5042": "Option 'project' cannot be mixed with source files on a command line.",
  "Option_isolatedModules_can_only_be_used_when_either_option_module_is_provided_or_option_target_is_ES_5047": "Option 'isolatedModules' can only be used when either option '--module' is provided or option 'target' is 'ES2015' or higher.",
  "Option_inlineSources_can_only_be_used_when_either_option_inlineSourceMap_or_option_sourceMap_is_prov_5051": "Option 'inlineSources' can only be used when either option '--inlineSourceMap' or option '--sourceMap' is provided.",
  "Option_0_cannot_be_specified_without_specifying_option_1_5052": "Option '{0}' cannot be specified without specifying option '{1}'.",
  "Option_0_cannot_be_specified_with_option_1_5053": "Option '{0}' cannot be specified with option '{1}'.",
  "A_tsconfig_json_file_is_already_defined_at_Colon_0_5054": "A 'tsconfig.json' file is already defined at: '{0}'.",
  "Cannot_write_file_0_because_it_would_overwrite_input_file_5055": "Cannot write file '{0}' because it would overwrite input file.",
  "Cannot_write_file_0_because_it_would_be_overwritten_by_multiple_input_files_5056": "Cannot write file '{0}' because it would be overwritten by multiple input files.",
  "Cannot_find_a_tsconfig_json_file_at_the_specified_directory_Colon_0_5057": "Cannot find a tsconfig.json file at the specified directory: '{0}'",
  "The_specified_path_does_not_exist_Colon_0_5058": "The specified path does not exist: '{0}'",
  "Invalide_value_for_reactNamespace_0_is_not_a_valid_identifier_5059": "Invalide value for '--reactNamespace'. '{0}' is not a valid identifier.",
  "Concatenate_and_emit_output_to_single_file_6001": "Concatenate and emit output to single file.",
  "Generates_corresponding_d_ts_file_6002": "Generates corresponding '.d.ts' file.",
  "Specifies_the_location_where_debugger_should_locate_map_files_instead_of_generated_locations_6003": "Specifies the location where debugger should locate map files instead of generated locations.",
  "Specifies_the_location_where_debugger_should_locate_TypeScript_files_instead_of_source_locations_6004": "Specifies the location where debugger should locate TypeScript files instead of source locations.",
  "Watch_input_files_6005": "Watch input files.",
  "Redirect_output_structure_to_the_directory_6006": "Redirect output structure to the directory.",
  "Do_not_erase_const_enum_declarations_in_generated_code_6007": "Do not erase const enum declarations in generated code.",
  "Do_not_emit_outputs_if_any_errors_were_reported_6008": "Do not emit outputs if any errors were reported.",
  "Do_not_emit_comments_to_output_6009": "Do not emit comments to output.",
  "Do_not_emit_outputs_6010": "Do not emit outputs.",
  "Allow_default_imports_from_modules_with_no_default_export_This_does_not_affect_code_emit_just_typech_6011": "Allow default imports from modules with no default export. This does not affect code emit, just typechecking.",
  "Specify_ECMAScript_target_version_Colon_ES3_default_ES5_or_ES2015_experimental_6015": "Specify ECMAScript target version: 'ES3' (default), 'ES5', or 'ES2015' (experimental)",
  "Specify_module_code_generation_Colon_commonjs_amd_system_umd_or_es2015_6016": "Specify module code generation: 'commonjs', 'amd', 'system', 'umd' or 'es2015'",
  "Print_this_message_6017": "Print this message.",
  "Print_the_compiler_s_version_6019": "Print the compiler's version.",
  "Compile_the_project_in_the_given_directory_6020": "Compile the project in the given directory.",
  "Syntax_Colon_0_6023": "Syntax: {0}",
  "options_6024": "options",
  "file_6025": "file",
  "Examples_Colon_0_6026": "Examples: {0}",
  "Options_Colon_6027": "Options:",
  "Version_0_6029": "Version {0}",
  "Insert_command_line_options_and_files_from_a_file_6030": "Insert command line options and files from a file.",
  "File_change_detected_Starting_incremental_compilation_6032": "File change detected. Starting incremental compilation...",
  "KIND_6034": "KIND",
  "FILE_6035": "FILE",
  "VERSION_6036": "VERSION",
  "LOCATION_6037": "LOCATION",
  "DIRECTORY_6038": "DIRECTORY",
  "Compilation_complete_Watching_for_file_changes_6042": "Compilation complete. Watching for file changes.",
  "Generates_corresponding_map_file_6043": "Generates corresponding '.map' file.",
  "Compiler_option_0_expects_an_argument_6044": "Compiler option '{0}' expects an argument.",
  "Unterminated_quoted_string_in_response_file_0_6045": "Unterminated quoted string in response file '{0}'.",
  "Argument_for_module_option_must_be_commonjs_amd_system_umd_es2015_or_none_6046": "Argument for '--module' option must be 'commonjs', 'amd', 'system', 'umd', 'es2015', or 'none'.",
  "Argument_for_target_option_must_be_ES3_ES5_or_ES2015_6047": "Argument for '--target' option must be 'ES3', 'ES5', or 'ES2015'.",
  "Locale_must_be_of_the_form_language_or_language_territory_For_example_0_or_1_6048": "Locale must be of the form <language> or <language>-<territory>. For example '{0}' or '{1}'.",
  "Unsupported_locale_0_6049": "Unsupported locale '{0}'.",
  "Unable_to_open_file_0_6050": "Unable to open file '{0}'.",
  "Corrupted_locale_file_0_6051": "Corrupted locale file {0}.",
  "Raise_error_on_expressions_and_declarations_with_an_implied_any_type_6052": "Raise error on expressions and declarations with an implied 'any' type.",
  "File_0_not_found_6053": "File '{0}' not found.",
  "File_0_has_unsupported_extension_The_only_supported_extensions_are_1_6054": "File '{0}' has unsupported extension. The only supported extensions are {1}.",
  "Suppress_noImplicitAny_errors_for_indexing_objects_lacking_index_signatures_6055": "Suppress noImplicitAny errors for indexing objects lacking index signatures.",
  "Do_not_emit_declarations_for_code_that_has_an_internal_annotation_6056": "Do not emit declarations for code that has an '@internal' annotation.",
  "Specifies_the_root_directory_of_input_files_Use_to_control_the_output_directory_structure_with_outDi_6058": "Specifies the root directory of input files. Use to control the output directory structure with --outDir.",
  "File_0_is_not_under_rootDir_1_rootDir_is_expected_to_contain_all_source_files_6059": "File '{0}' is not under 'rootDir' '{1}'. 'rootDir' is expected to contain all source files.",
  "Specifies_the_end_of_line_sequence_to_be_used_when_emitting_files_Colon_CRLF_dos_or_LF_unix_6060": "Specifies the end of line sequence to be used when emitting files: 'CRLF' (dos) or 'LF' (unix).",
  "NEWLINE_6061": "NEWLINE",
  "Argument_for_newLine_option_must_be_CRLF_or_LF_6062": "Argument for '--newLine' option must be 'CRLF' or 'LF'.",
  "Argument_for_moduleResolution_option_must_be_node_or_classic_6063": "Argument for '--moduleResolution' option must be 'node' or 'classic'.",
  "Enables_experimental_support_for_ES7_decorators_6065": "Enables experimental support for ES7 decorators.",
  "Enables_experimental_support_for_emitting_type_metadata_for_decorators_6066": "Enables experimental support for emitting type metadata for decorators.",
  "Enables_experimental_support_for_ES7_async_functions_6068": "Enables experimental support for ES7 async functions.",
  "Specifies_module_resolution_strategy_Colon_node_Node_js_or_classic_TypeScript_pre_1_6_6069": "Specifies module resolution strategy: 'node' (Node.js) or 'classic' (TypeScript pre-1.6).",
  "Initializes_a_TypeScript_project_and_creates_a_tsconfig_json_file_6070": "Initializes a TypeScript project and creates a tsconfig.json file.",
  "Successfully_created_a_tsconfig_json_file_6071": "Successfully created a tsconfig.json file.",
  "Suppress_excess_property_checks_for_object_literals_6072": "Suppress excess property checks for object literals.",
  "Stylize_errors_and_messages_using_color_and_context_experimental_6073": "Stylize errors and messages using color and context. (experimental)",
  "Do_not_report_errors_on_unused_labels_6074": "Do not report errors on unused labels.",
  "Report_error_when_not_all_code_paths_in_function_return_a_value_6075": "Report error when not all code paths in function return a value.",
  "Report_errors_for_fallthrough_cases_in_switch_statement_6076": "Report errors for fallthrough cases in switch statement.",
  "Do_not_report_errors_on_unreachable_code_6077": "Do not report errors on unreachable code.",
  "Disallow_inconsistently_cased_references_to_the_same_file_6078": "Disallow inconsistently-cased references to the same file.",
  "Specify_JSX_code_generation_Colon_preserve_or_react_6080": "Specify JSX code generation: 'preserve' or 'react'",
  "Argument_for_jsx_must_be_preserve_or_react_6081": "Argument for '--jsx' must be 'preserve' or 'react'.",
  "Only_amd_and_system_modules_are_supported_alongside_0_6082": "Only 'amd' and 'system' modules are supported alongside --{0}.",
  "Allow_javascript_files_to_be_compiled_6083": "Allow javascript files to be compiled.",
  "Specifies_the_object_invoked_for_createElement_and_spread_when_targeting_react_JSX_emit_6084": "Specifies the object invoked for createElement and __spread when targeting 'react' JSX emit",
  "Option_0_should_have_array_of_strings_as_a_value_6103": "Option '{0}' should have array of strings as a value.",
  "Do_not_emit_use_strict_directives_in_module_output_6112": "Do not emit 'use strict' directives in module output.",
  "Variable_0_implicitly_has_an_1_type_7005": "Variable '{0}' implicitly has an '{1}' type.",
  "Parameter_0_implicitly_has_an_1_type_7006": "Parameter '{0}' implicitly has an '{1}' type.",
  "Member_0_implicitly_has_an_1_type_7008": "Member '{0}' implicitly has an '{1}' type.",
  "new_expression_whose_target_lacks_a_construct_signature_implicitly_has_an_any_type_7009": "'new' expression, whose target lacks a construct signature, implicitly has an 'any' type.",
  "_0_which_lacks_return_type_annotation_implicitly_has_an_1_return_type_7010": "'{0}', which lacks return-type annotation, implicitly has an '{1}' return type.",
  "Function_expression_which_lacks_return_type_annotation_implicitly_has_an_0_return_type_7011": "Function expression, which lacks return-type annotation, implicitly has an '{0}' return type.",
  "Construct_signature_which_lacks_return_type_annotation_implicitly_has_an_any_return_type_7013": "Construct signature, which lacks return-type annotation, implicitly has an 'any' return type.",
  "Element_implicitly_has_an_any_type_because_index_expression_is_not_of_type_number_7015": "Element implicitly has an 'any' type because index expression is not of type 'number'.",
  "Property_0_implicitly_has_type_any_because_its_set_accessor_lacks_a_type_annotation_7016": "Property '{0}' implicitly has type 'any', because its 'set' accessor lacks a type annotation.",
  "Index_signature_of_object_type_implicitly_has_an_any_type_7017": "Index signature of object type implicitly has an 'any' type.",
  "Object_literal_s_property_0_implicitly_has_an_1_type_7018": "Object literal's property '{0}' implicitly has an '{1}' type.",
  "Rest_parameter_0_implicitly_has_an_any_type_7019": "Rest parameter '{0}' implicitly has an 'any[]' type.",
  "Call_signature_which_lacks_return_type_annotation_implicitly_has_an_any_return_type_7020": "Call signature, which lacks return-type annotation, implicitly has an 'any' return type.",
  "_0_implicitly_has_type_any_because_it_does_not_have_a_type_annotation_and_is_referenced_directly_or__7022": "'{0}' implicitly has type 'any' because it does not have a type annotation and is referenced directly or indirectly in its own initializer.",
  "_0_implicitly_has_return_type_any_because_it_does_not_have_a_return_type_annotation_and_is_reference_7023": "'{0}' implicitly has return type 'any' because it does not have a return type annotation and is referenced directly or indirectly in one of its return expressions.",
  "Function_implicitly_has_return_type_any_because_it_does_not_have_a_return_type_annotation_and_is_ref_7024": "Function implicitly has return type 'any' because it does not have a return type annotation and is referenced directly or indirectly in one of its return expressions.",
  "Generator_implicitly_has_type_0_because_it_does_not_yield_any_values_Consider_supplying_a_return_typ_7025": "Generator implicitly has type '{0}' because it does not yield any values. Consider supplying a return type.",
  "JSX_element_implicitly_has_type_any_because_no_interface_JSX_0_exists_7026": "JSX element implicitly has type 'any' because no interface 'JSX.{0}' exists",
  "Unreachable_code_detected_7027": "Unreachable code detected.",
  "Unused_label_7028": "Unused label.",
  "Fallthrough_case_in_switch_7029": "Fallthrough case in switch.",
  "Not_all_code_paths_return_a_value_7030": "Not all code paths return a value.",
  "You_cannot_rename_this_element_8000": "You cannot rename this element.",
  "You_cannot_rename_elements_that_are_defined_in_the_standard_TypeScript_library_8001": "You cannot rename elements that are defined in the standard TypeScript library.",
  "import_can_only_be_used_in_a_ts_file_8002": "'import ... =' can only be used in a .ts file.",
  "export_can_only_be_used_in_a_ts_file_8003": "'export=' can only be used in a .ts file.",
  "type_parameter_declarations_can_only_be_used_in_a_ts_file_8004": "'type parameter declarations' can only be used in a .ts file.",
  "implements_clauses_can_only_be_used_in_a_ts_file_8005": "'implements clauses' can only be used in a .ts file.",
  "interface_declarations_can_only_be_used_in_a_ts_file_8006": "'interface declarations' can only be used in a .ts file.",
  "module_declarations_can_only_be_used_in_a_ts_file_8007": "'module declarations' can only be used in a .ts file.",
  "type_aliases_can_only_be_used_in_a_ts_file_8008": "'type aliases' can only be used in a .ts file.",
  "_0_can_only_be_used_in_a_ts_file_8009": "'{0}' can only be used in a .ts file.",
  "types_can_only_be_used_in_a_ts_file_8010": "'types' can only be used in a .ts file.",
  "type_arguments_can_only_be_used_in_a_ts_file_8011": "'type arguments' can only be used in a .ts file.",
  "parameter_modifiers_can_only_be_used_in_a_ts_file_8012": "'parameter modifiers' can only be used in a .ts file.",
  "property_declarations_can_only_be_used_in_a_ts_file_8014": "'property declarations' can only be used in a .ts file.",
  "enum_declarations_can_only_be_used_in_a_ts_file_8015": "'enum declarations' can only be used in a .ts file.",
  "type_assertion_expressions_can_only_be_used_in_a_ts_file_8016": "'type assertion expressions' can only be used in a .ts file.",
  "Only_identifiers_Slashqualified_names_with_optional_type_arguments_are_currently_supported_in_a_clas_9002": "Only identifiers/qualified-names with optional type arguments are currently supported in a class 'extends' clauses.",
  "class_expressions_are_not_currently_supported_9003": "'class' expressions are not currently supported.",
  "JSX_attributes_must_only_be_assigned_a_non_empty_expression_17000": "JSX attributes must only be assigned a non-empty 'expression'.",
  "JSX_elements_cannot_have_multiple_attributes_with_the_same_name_17001": "JSX elements cannot have multiple attributes with the same name.",
  "Expected_corresponding_JSX_closing_tag_for_0_17002": "Expected corresponding JSX closing tag for '{0}'.",
  "JSX_attribute_expected_17003": "JSX attribute expected.",
  "Cannot_use_JSX_unless_the_jsx_flag_is_provided_17004": "Cannot use JSX unless the '--jsx' flag is provided.",
  "A_constructor_cannot_contain_a_super_call_when_its_class_extends_null_17005": "A constructor cannot contain a 'super' call when its class extends 'null'",
  "An_unary_expression_with_the_0_operator_is_not_allowed_in_the_left_hand_side_of_an_exponentiation_ex_17006": "An unary expression with the '{0}' operator is not allowed in the left-hand side of an exponentiation expression. Consider enclosing the expression in parentheses.",
  "A_type_assertion_expression_is_not_allowed_in_the_left_hand_side_of_an_exponentiation_expression_Con_17007": "A type assertion expression is not allowed in the left-hand side of an exponentiation expression. Consider enclosing the expression in parentheses.",
  "JSX_element_0_has_no_corresponding_closing_tag_17008": "JSX element '{0}' has no corresponding closing tag.",
  "super_must_be_called_before_accessing_this_in_the_constructor_of_a_derived_class_17009": "'super' must be called before accessing 'this' in the constructor of a derived class.",
  "Unknown_typing_option_0_17010": "Unknown typing option '{0}'.",
  "Too_many_JavaScript_files_in_the_project_Consider_specifying_the_exclude_setting_in_project_configur_17012": "Too many JavaScript files in the project. Consider specifying the 'exclude' setting in project configuration to limit included source folders. The likely folder to exclude is '{0}'. To disable the project size limit, set the 'disableSizeLimit' compiler option to 'true'."
}